{
  "name": "Dark Legacy Shader",
  "author": "yobooe69",
  "description": "A shader pack for Minecraft that enhances the visual experience with realistic lighting, shadows, and atmospheric effects.",
  "version": "0.9.0",
  "requiredVersion": "1.20",
  "shaders": {
    "vertex": "lib/vertex.glsl",
    "fragment": "lib/fragment.glsl"
  },
  "uniforms": {
    "time": {
      "type": "float",
      "default": 0.0
    },
    "resolution": {
      "type": "vec2",
      "default": [1920.0, 1080.0]
    },
    "lightDirection": {
      "type": "vec3",
      "default": [1.0, -1.0, 1.0]
    },
    "fogDensity": {
      "type": "float",
      "default": 0.05
    }
  },
  "settings": {
    "shadows": true,
    "reflections": true,
    "wavingGrass": true,
    "wavingLeaves": true,
    "auroraNight": true,
    "iridescentClouds": true
  },
  "dependencies": [],
  "license": "MIT"
}